doi:10.7910/DVN/IVPBRF	181	13	splines;countrycode;lattice;reshape;foreign;plyr;grid;ggplot2	state_data.dta;sppo_replication.do;fem_pop_25_over.dta;civil_peace_data_and_pca.r;koubi_boehmelt_jpr_replication.dta;sppo_substantive_replication.r;readme.txt;sppo_log.txt	1985201
doi:10.7910/DVN/FSNEZY	466	30	corrplot;kableExtra;tidyverse;cowplot;GISTools;broom;scales;texreg;devtools;cshapes;MASS;readxl;margins;glue;janitor;tibble;stargazer	major_us_force_div_tidy_df.csv;pooled_mid_base_gof.csv;smith_2019_secret_but_constrained_dta.csv;major_us_base_force_lppc_tidy_df.csv;minor_us_mid_div_gof.csv;minor_us_force_lppc_gof.csv;minor_us_force_div_tidy_df.csv;cmb_divided_interaction_tidy_df.csv;divided_cmb_full_tidy_df.csv;majority_orke_full_tidy_df.csv;majority_cmb_full_tidy_df.csv;minor_us_mid_lppc_gof.csv;divided_orke_full_gof.csv;minor_mid_test_full_tidy_df.csv;lppc_orke_base_gof.csv;major_us_base_force_div_gof.csv;smith_2019_secret_but_constrained_dta-1.dta;major_us_base_force_mjt_tidy_df.csv;lppc_cmb_full_tidy_df.csv;lppc_cmb_base_gof.csv;major_us_base_force_lppc_gof.csv;minor_us_base_force_mjt_tidy_df.csv;pooled_mid_full_gof.csv;lppc_cmb_base_tidy_df.csv;smith-2019-boot-ames.R;majority_orke_full_gof.csv;minor_us_base_mid_lppc_gof.csv;minor_us_base_force_lppc_tidy_df.csv;lppc_cmb_full_gof.csv;minor_us_mid_mjt_tidy_df.csv;smith-2019-covert-final-script.R;minor_us_mid_div_tidy_df.csv;smith-2019-covert-final-appendix-a.R;divided_orke_base_tidy_df.csv;final_us_domestic_year.csv;smith_2019_covert_final_bivariate_probit_na_robustness_check.do;majority_orke_base_gof.csv;majority_cmb_base_gof.csv;major_us_base_mid_div_tidy_df.csv;minor_mid_test_full_gof.csv;major_us_mid_div_gof.csv;major_us_base_mid_div_gof.csv;minor_us_force_mjt_tidy_df.csv;minor_us_mid_mjt_gof.csv;pooled_mid_base_tidy_df.csv;divided_cmb_full_gof.csv;minor_mid_test_base_tidy_df.csv;majority_cmb_full_gof.csv;major_us_base_mid_mjt_tidy_df.csv;divided_orke_full_tidy_df.csv;minor_us_base_mid_mjt_gof.csv;smith-2019-final-visualizations.R;major_us_force_div_gof.csv;major_mid_test_base_tidy_df.csv;major_us_base_mid_lppc_tidy_df.csv;major_us_force_mjt_tidy_df.csv;major_us_mid_lppc_gof.csv;smith-2019-covert-final-tidy-output-functions.R;divided_cmb_base_tidy_df.csv;readme-file-2019-secret-but-constrained.rtf;major_us_mid_mjt_tidy_df.csv;majority_orke_base_tidy_df.csv;major_us_mid_div_tidy_df.csv;smith_2019_bvp_onset_marginal_effects.tab;lppc_orke_full_gof.csv;minor_us_base_mid_div_tidy_df.csv;minor_us_force_lppc_tidy_df.csv;-1.DS_Store;major_us_force_mjt_gof.csv;major_mid_test_full_tidy_df.csv;major_us_base_mid_mjt_gof.csv;divided_orke_base_gof.csv;major_us_base_force_mjt_gof.csv;minor_us_mid_lppc_tidy_df.csv;major_mid_test_full_gof.csv;minor_us_force_div_gof.csv;smith-2019-final-texreg-tables.R;smith_2019_covert_final_bivariate_probit.do;cmb_divided_interaction_gof.csv;pooled_mid_full_tidy_df.csv;minor_us_base_force_lppc_gof.csv;divided_cmb_base_gof.csv;orke_divided_interaction_tidy_df.csv;major_mid_test_base_gof.csv;smith_2019_bvp_ongoing_marginal_effects.tab;minor_us_base_force_mjt_gof.csv;minor_us_base_mid_lppc_tidy_df.csv;major_us_force_lppc_gof.csv;minor_us_base_mid_div_gof.csv;major_us_force_lppc_tidy_df.csv;smith-2019-covert-final-appendix-b.R;major_us_mid_mjt_gof.csv;minor_us_base_force_div_tidy_df.csv;lppc_orke_full_tidy_df.csv;major_us_base_mid_lppc_gof.csv;majority_cmb_base_tidy_df.csv;minor_us_force_mjt_gof.csv;minor_us_base_mid_mjt_tidy_df.csv;major_us_base_force_div_tidy_df.csv;orke_divided_interaction_gof.csv;minor_mid_test_base_gof.csv;major_us_mid_lppc_tidy_df.csv;minor_us_base_force_div_gof.csv;lppc_orke_base_tidy_df.csv	4791482
doi:10.7910/DVN/26905	416	47	mgcv;spatstat;rgdal;rgeos;car;xtable;CircSpatial;foreign;maps;CircStats;ggplot2;lattice;scatterplot3d;MASS;maptools;spdep;ggmap	wind1996.pdf;powerPlantsModel.R;altKrigCRF.R;Air_Majors.csv;tsdfs.dta;anyPowerPlantDirection.csv;dataManipulation.R;new_public.dta;countyDensity.csv;gwwAppendix.pdf;powerPlantsManipulation.R;lower48control.R;majorAirDirection.csv;windAngle.txt;anyPowerPlantDist.csv;CircSpatialV3.tar.gz;readme.txt;tl_2011_us_state.zip;codebookWind.pdf;majorAirAllDist.csv;tri_emissions2010.dta;egrid_allplants.dta;sicMerger.csv;statePolluterCovs.csv	147377388
doi:10.7910/DVN/3RA7YG	325	67	xlsx;memisc;scales;vioplot;DataCombine;zoo;reshape2;plyr;xtable;ggplot2;data.table;grid;plm;gridExtra;sem	sim_results_ldv.txt;sim_results.txt;figA-3.R;fig7.R;fig9_A-4.R;sim_results_iv.txt;sim_results_gmm.txt;fig5_A-1_A-2.R	10539653
doi:10.7910/DVN/DCKXHT	94	7	sandwich;Matrix;lmtest;foreign	PoznanskyScroggsISQ.dta;PoznanskyScroggs_Sandwich.R;Cleaning for R Script.do;EUGeneUniverse.dta;PoznanskyScroggsAppendixModels.do;PoznanskyScroggsPostEstimation.do;MaddisonGDP_1917-2003.dta;PoznanskyScroggsDataset.do;README.rtf;PoznanskyScroggsMainModelsGraphs.do;Maddison GDP-1917-2003.xls	165952981
doi:10.7910/DVN/3PBN6J	101	5	gridExtra;grid;lmtest;sandwich;metafor	Replication_AR_2018_RSM_Sanghyun_Hong.R;ReadMe_Replication_AR_2018_RSM_Sanghyun_Hong.txt	18346
doi:10.7910/DVN/YCSFSC	254	15	AER;survival;DataCombine;ggplot2;interflex;Amelia;MatchIt;stargazer	Morse_Thailand_BankLiabilities.csv;Morse_FATF_banklending.csv;Morse_GPI_FATF_PaperCode.R;Morse_FATF_DescriptivePlot;Morse_FATF_banklendingplacebo.csv;Morse_FATF_AllCrim.csv;Morse_GPI_FATF_Appendix.R;Morse_FATF_CrimTF.csv	2635001
doi:10.7910/DVN/A4A3UO	146	15	mgcv;spatstat;rgdal;car;geoR;foreign;maps;xtable;spBayes;maptools;spdep	allCA.R;wvFrack.R;bootstrapExperiment.R;readme.rtf.zip;simulations.zip;wvData.zip;CAslim.rds;estimator.R.zip;graphCombination.R;generator.R.zip;output.zip	14558409
doi:10.7910/DVN/HUZ1CD	153	22	tidyverse;stringr;reshape2;foreach;doParallel;rstan;nlme;haven	README;impliedParameters.R;produceGraphs.R;frequentistComparison.R;fitParents.R;fitModels.R;prepData.R;run_all.R	42826
doi:10.7910/DVN/PAHRCK	985	31	gmodels	FigureA1_obsdiff2.pdf;mcmc-spec2-p.rda;FigureA3_spec2.pdf;mcmc-never-spec1-0.rda;FigureA7_ColdWar.pdf;3_Table2b-withC.R;8_TableA4b_nonlogged.R;FigureA1_obsdiff1.pdf;FigureA10_FranceOnly_spec2.pdf;tableA2.txt;FigureA4_never_spec1_controls.pdf;9_FigureA7-A10a_spec1.R;colony-dummy.dta;FigureA2_obsdiff_cat.pdf;mcmc-never-full2-p.rda;tableA4.txt;Figure2_spec1.pdf;mcmc-never-spec2-p.rda;table1.txt;FigureA3_spec2_controls.pdf;mcmc-never-full-1.rda;mcmc-full2-0.rda;tableA3.txt;mcmc-never-full2-0.rda;FigureA8_PostColdWar_spec2.pdf;5_TableA3b-withC.R;FigureA9_BritsOnly.pdf;Figure1-simdata.pdf;FigureA8_PostColdWar.pdf;aux_functions.R;mcmc-spec1-p.rda;mcmc-nonlog-spec1-p.rda;mcmc-spec1-0.rda;4_TableA3a-withoutC.R;mcmc-full-p.rda;FigureA4_never_spec1.pdf;FigureA5_never_spec2.pdf;mcmc-never-full-0.rda;10_FigureA7-A10b_spec2.R;mcmc-spec1-1.rda;mcmc-nonlog-spec2-0.rda;11_descriptive.R;table2.txt;FigureA7_ColdWar_spec2.pdf;mcmc-full-1.rda;mcmc-never-spec2-1.rda;FigureA6_spec1-nonlog.pdf;tableA1.txt;mcmc-never-spec2-0.rda;mcmc-spec2-0.rda;7_TableA4a_nonlogged.R;FigureA5_never_spec2_controls.pdf;mcmc-never-full-p.rda;mcmc-never-full2-1.rda;FigureA10_FranceOnly.pdf;mcmc-full-0.rda;Figure2_spec1_controls.pdf;mcmc-full2-p.rda;1_SimulatedData.R;mcmc-spec2-1.rda;mcmc-nonlog-spec2-p.rda;2_Table2a-withoutC.R;FigureA9_BritsOnly_spec2.pdf;mcmc-nonlog-spec2-1.rda;0_master.R;6_FigureA4-A5_nevercolonized.R;mcmc-nonlog-spec1-1.rda;mcmc-full2-1.rda;FigureA6_spec2-nonlog.pdf;mcmc-nonlog-spec1-0.rda;mcmc-never-spec1-1.rda;mcmc-never-spec1-p.rda	444571155
doi:10.7910/DVN/N0PBQ9	134	34	scales;tables;gridExtra;dplyr;ggthemes;rdrobust;doBy;multiwayvcov;rdd;xtable;plyr;gtools;ggplot2;pscl;grid;clusterSEs;stringr;stargazer	IncumbentsAnalysis_09202015.R;data_2ormore.csv;samp_inc.csv;RelativesAnalysis_09202015.R;readMe.txt;rdpoints.R;plot.RD.R;rdplot2.R;incumbents.csv	47398697
doi:10.7910/DVN/8GRBRZ	62	6	caret;dplyr;nnet;readr;MASS;effects	Baumer_etal-2019.R;SurveyProtocol.qsf;FacebookNonUse-Qualtrics-2015.csv;SurveyProtocol.docx	1460827
doi:10.7910/DVN/YQ2HFG	0	0		factory_data.csv;Ch3_do_analysis.do;Ch4_Rcode.R;Ch2_Rcode.R;newsp_data.dta;appendix_data2.csv;appendix_data1.csv;radio_data.dta;elections_data.csv	2154
doi:10.7910/DVN/9HKISQ	256	10	dplyr;survival;texreg;cobalt;coxed;ggplot2;simPH;survminer;MatchIt	BJPSReplicationCode.R;secondMatching.RData;coxed3.RData;thirdMatching.RData;coxed1.RData;firstMatching.RData;CodebookDirectingCompliance.pdf;coxed4high.RData;coxed2.RData;DirectingComplianceReplicationDataApril2019.RData;coxed4median.RData;coxed4low.RData	9515785
doi:10.7910/DVN/BPGCF0	241	6	lattice;grid	Figure_1.R;Figure_3.R;Figure_2.R	31025
doi:10.7910/DVN/YTWNA2	682	2	commarobust;tidyverse	tableB6_1.txt;tableB8.txt;data_cace_epsoc_q1_matched.csv;table2_1.txt;table2_2.txt;tableB5.txt;tableA3.txt;tableB9_1.txt;BM_StandardErrors.R;data_epsoc_q1_matched.csv;table3_2.txt;tableB7.txt;tableA4.txt;table4.txt;tableB6_2.txt;tableB9_2.txt;euyou.csv;table3_1.txt;table1.txt;replication_epsoc.R	867177
doi:10.7910/DVN/GBZZXL	84	9	dplyr;list;reshape2;xtable;ggplot2;readstata13;gridExtra;stargazer	readme.rtf;Black_Market_List_Experiment.R;Black_Market_Blues_Time-series.dta;Black_Market.RData;Black_Market_TimeSeries.R;Codebook.docx;Black_Market_Blues_TS_Replication.do	283064
doi:10.7910/DVN/FPYKTP	1317	186	RcppRoll;sqldf;dplyr;methods;doMC;ggplot2;Formula;tidyr;caret;broom;nnet;reshape2;yaml;ppp_packages	data-dreyer-2010.csv;108-dir-dyad-year.r;312-salehyan-2008-jop.r;fn-predict-from-ensemble.r;315-weeks-2008.r;110-collect-predict.r;303-fordham-2008.r;data-park-colaresi-2014.csv;305-gartzke-2007.r;data-jung-2014.csv;codebook.pdf;308-morrow-2007.r;data-midb-4.01.csv;metadata-models.yml;102-outcomes-time.r;101-mid.r;314-uzonyi-souva-golder-2012.r;data-owsiak-2012.csv;306-huth-2012.r;data-huth-2012.csv;201-reed-cv-and-table.r;400-collect-replications.r;Dockerfile;fn-glm-and-cv.r;100-nmc.r;data-uzonyi-souva-golder-2012.csv;114-summarize-varimp.r;fn-varimp.r;309-owsiak-2012.r;316-weeks-2012.r;_all.sh;106-summarize-weights.r;data-morrow-2007.csv;data-nmc-4.0.csv;data-fuhrmann-sechser-2014.csv;301-bennett-2006.r;metadata-replications.yml;data-salehyan-2008-ajps.csv;103-train-models.r;fn-defs-train.r;113-collect-varimp.r;307-jung-2014.r;109-predict.slurm;105-collect-weights.r;111-doe-vs-cinc.r;Singularity;310-park-colaresi-2014.r;302-dreyer-2010.r;3XX-replications.slurm;300-arena-palmer-2009.r;data-reed-et-al-2008.dta;data-sobek-abouharb-ingram-2006.csv;data-arena-palmer-2009.csv;109-predict.r;311-salehyan-2008-ajps.r;data-mida-4.01.csv;107-capratio.r;313-sobek-abouharb-ingram-2006.r;predict-dyad.csv;200-reed-run-and-plot.r;000-install.r;104-train-weights.slurm;README.pdf;data-weeks-2008.csv;304-fuhrmann-sechser-2014.r;fn-collect.r;112-varimp.slurm;104-train-weights.r;401-describe-replications.r;112-varimp.r;predict-dir-dyad.csv;data-weeks-2012.csv;data-gartzke-2007.csv;fn-train.r;data-salehyan-2008-jop.csv;fn-merge-nmc-dyad.r;data-bennett-2006.csv;data-zawahri-mitchell-2011.csv;data-idealpoint4600.dta;317-zawahri-mitchell-2011.r;data-fordham-2008.csv	1320232071
doi:10.7910/DVN/QXCFO2	510	85	gdata;MatchIt;KRLS;e1071;BayesTree;xtable;survey;SuperLearner;foreign;arm;dummies	interv-pscore-revised-cluster-imp5-6.R;int-out-pscore-plots.R;int-results-graph.R;sims5.R;sims-results.R;sims10.R;int-results-performance-metrics.R;int-out-imp-all.xls;sim10.csv;interv-pscore-revised-cluster-imp7-8.R;COLOMBIA_STEP8_Regressions_REDO.dta;sims1.R;sim1.csv;data-prep-wls-matching-naiveipw.do;Hypothetical_Interventions_REDO.xls;sim5.csv;interv-pscore-revised-cluster-imp3-4.R;interv-pscore-revised-cluster-imp9-10.R;interv-pscore-revised-cluster-imp1-2.R;readme.txt;int-results-balance-tables.R	183718465
doi:10.7910/DVN/1IWN5N	31	1	MASS	missing_predict.do;amsterdam_msissue.dta;igc15-02_missing.dta;compare_ep_stoiber.do;MSexpert99.dta;ep_stoiber_check.R;stoiber_thurner_pappi.dta;Amsterdamcodebook.pdf;probit_indiff_103006.do;rep notes IO	294898
doi:10.7910/DVN/JRDCUN	39	10	gridExtra;plotrix;scales;cshapes;foreign;reshape2;ggplot2;RColorBrewer;classInt;haven	Readme.rtf;Book_dataglobal.dta;Book_data.dta;Book_analysis.do;Figure_4_1.csv;Figure_4_2.dta;Book_analysis.R	667459
doi:10.7910/DVN/CF44OW	219	0		out_figure1a_6x6_cb.pdf;dat_ct_xs.csv;misc_bootstrap_bs_20_est.pdf;out_tablea15_itt_blockfe_covadj_full_UNFORMATTED.csv;dat_c_as.csv;out_tablea7_itt_2g_blockfe_nocovs.tex;out_tablea4_sample_characteristics.tex;out_tablea10_itt_blockfe_nocovs.tex;out_tablea15_covadjitt.tex;out_tablea5_dist_by_borough.tex;out_tablea17_pwmisscorr.tex;out_tablea18_pred_missing_tester_race.tex;out_figurea4f_anova_posbg.pdf;out_figure1b_6x6_off.png;out_figurea6_appx_hetfxSUBJRACE_mc.pdf;out_tablea6_baseline_discrim.tex;code_0_read_data.R;out_tablea10_itt_blockfe_nocovs.csv;misc_bootstrap_estimates.RData;out_tablea21_SA_ExcludeLD_itt_2g_blockfe_nocovs.tex;out_figurea2_cases_over_time.png;code_1b_helper_functions.R;out_tablea22_perceived_race_of_subjects.tex;out_table_a1_dist_by_block.tex;out_tablea11_pred_means_2g.tex;out_tablea8_unweighted_itt_callbacks.tex;out_figurea3_6x6_index.png;dat_c_xs.csv;out_tablea7_itt_2g_blockfe_nocovs.csv;out_figurea4g_anova_prof.png;out_figurea4b_anova_off.pdf;out_tablea9_unweighted_itt_offers.tex;out_figurea4c_anova_qualpraise.pdf;out_figurea4a_anova_cb.pdf;out_tablea14_cace_table_format2.tex;out_figurea4f_anova_posbg.png;misc_bootstrap_bs_21_est.pdf;out_figurea3_6x6_index.pdf;_VariableList.pdf;out_figurea4d_anova_sales.pdf;out_figurea4a_anova_cb.png;_Replicate.Rmd;misc_covselect_select2.csv;out_tablea15_itt_blockfe_covadj_full.csv;out_figurea7_appx_hetfxSUBJRACE_pc.pdf;out_tablea21_SA_ExcludeLD_itt_2g_blockfe_nocovs.csv;HPD-2011-HVS-Selected-Findings-Tables.pdf;out_tablea13_noncompliance_incidence.tex;out_figurea4b_anova_off.png;misc_bootstrap_bs_10_est.pdf;out_figurea4e_anova_posedit.pdf;out_figure1a_6x6_cb.png;out_figurea4g_anova_prof.pdf;misc_covselect_select1.csv;_Replicate.html;megaplot_lookup.csv;out_figurea4c_anova_qualpraise.png;code_1a_prep_data.R;out_tablea12_early_stage_discrim_subjective.tex;out_tablea19_balance_table_categoricalvars.tex;out_tablea20_balance_table_continuousvars.tex;out_figurea4d_anova_sales.png;out_figurea4e_anova_posedit.png;out_figurea2_cases_over_time.pdf;out_figure2_posteriors.pdf;out_figure2_posteriors.png;out_tablea2_early_stage_discrim.tex;out_figure1b_6x6_off.pdf;out_tablea14_cace_table_format1.tex;out_tablea21_SA_ExcludeLD_itt_2g_blockfe_nocovs_UNFORMATTED.csv;out_tablea16_pred_missing_net_index.tex;misc_covselect_select0.csv;out_tablea7_itt_2g_blockfe_nocovs_UNFORMATTED.csv;_README.txt	9095297
doi:10.7910/DVN/UN54HD	438	77	Matrix;gplots;moments;grDevices;pastecs;rworldmap;lattice;Zelig;maxLik;gdata	Marginal.Effects.100.True.ZIOPCDGP.dta;ziop2.ado;opsims4Jan13-r.do;ziop1_lf.ado;Table 1 (and Model Fit Stats).R;Figure 1.R;BagozziHillMooreMukerjee2014.pdf;ziop-c_bias_graphs.do;Marginal.Effects.0.True.ZIOPCDGP.dta;ZIOPC ME Means.do;replication.dta;Marginal.Effects.All.True.ZIOPCDGP.dta;Marginal.Effects.10.True.ZIOPCDGP.dta;ziop_appendix_12nov13.pdf;ziop2_lf.ado;ziop1.ado;Marginal.Effects.70.True.ZIOPCDGP.dta;Marginal.Effects.30.True.ZIOPDGP.dta;ziopsims28Nov12.do;Marginal.Effects.100.True.ZIOPDGP.dta;ZiOP for Stata.zip;ZIOPC ME Mean and SD.do;ZIOP ME Means.do;opsims4Jan13.do;myoprob.ado;ziop_ziopc.R;ziop_bias_graphs.do;ziopsims28Nov12-r.do;Global.RMSEs.ZIOPDGP.dta;Marginal.Effects.70.True.ZIOPDGP.dta;Marginal.Effects.50.True.ZIOPCDGP.dta;Marginal.Effects.FULL.ZIOPCDGP.dta;Marginal.Effects.30.True.ZIOPCDGP.dta;ZIOPC Appendix Tables.R;Marginal.Effects.FULL.ZIOPDGP.dta;Global.RMSEs.ZIOPCDGP.dta;Marginal.Effects.90.True.ZIOPCDGP.dta;Marginal.Effects.0.True.ZIOPDGP.dta;Marginal.Effects.10.True.ZIOPDGP.dta;Marginal.Effects.50.True.ZIOPDGP.dta;myoprob_lf.ado;ZIOP ME Mean and SD.do;Figure 3 Replication.R;ZIOP Appendix Tables.R;Figure A.3 Rep.R;Marginal.Effects.90.True.ZIOPDGP.dta;Table 2 (Plus Model Fit Stats).R;bp_exact_for_analysis.dta;bpmfx.do;readme.txt;Marginal.Effects.All.True.ZIOPDGP.dta;BP.formatted.dta	90087451
doi:10.7910/DVN/VVX0K7	499	0		Plotting.R;Table_S32.R;Analysis.R;Table_S31.do	88072
doi:10.7910/DVN/TCOFXX	281	6	dplyr;ggrepel;tidyr;readstata13;gridExtra;readxl	estadd.ado;eststo.ado;estpost.ado;eststo.hlp;more_clarify;stata.toc;estout.hlp;esttab.hlp;Figure_1.pdf;R_script_make_all_graphs.R;updated_presidential_mentions_for_time_series_graph.dta;pca_pres_interest_score.dta;presidential_start_stop_dates.tab;Figure_3.pdf;README.txt;Figure_B1B.pdf;esttab.ado;Figure_6.pdf;full_short_list_data_for_characteristics.dta;diversity_regressions_rr.tex;estpost.hlp;combined_central_tendency_stats_1930_2018.dta;tobit_postestimates_for_R.dta;Figure_A5.pdf;readstata13_0.9.2.tar.gz;Figure_A9.pdf;tidyr-0.8.2.tar.gz;Figure_B1A.pdf;estout.pkg;Figure_A7.pdf;_eststo.hlp;Figure_A3.pdf;_eststo.ado;pres_senate_NOMINATE_data.dta;Figure_A8.pdf;Figure_A4.pdf;Figure_A2.pdf;estout_mystyle.def;estadd.hlp;Figure_2.pdf;Figure_A1.pdf;Figure_A6.pdf;ideology_regressions_rr.tex;estout.ado;reliability_regressions_rr.tex;combined_platform_data.dta;dplyr-0.7.8.tar.gz;diversity_sims_from_logit.dta;ggrepel_0.8.0.tar.gz;readxl-1.1.0.tar.gz;COA_characteristics_workspace.RData;SC_means_medians_at_time_of_vacancy_Over_Time.dta;gridExtra_2.3.tar.gz;regression_analyses_do_file.do;Figure_5.pdf;readme.txt;master_nominee_data_post_1930.dta;ideology_sims.dta;Figure_4.pdf;party_control_updated_1861_2018.dta	14676098
doi:10.7910/DVN/KNXKIY	409	18	forestplot;beeswarm;texreg;foreign;ggpubr;ggplot2;interplot;logistf;stargazer;dummies	secITAIRE.Rda;policy_rel.Rda;policy_sec.Rda;data_agg_rel.Rda;Information on Data and variables.pdf;data_reforms_by_year.Rda;data_agg_sec.Rda;data_reforms_by_policy.Rda;Replication_Code_JEPP_2019.R	192069
doi:10.7910/DVN/5CBVXA	19	6	xtable;lme4;stargazer;tidyverse	choice_arch_data.R;choice_arch_results.R;nso.dat	5380
doi:10.7910/DVN/K2TLDB	247	28	sandwich;dplyr;beepr;randomizr;xtable;lmtest;ggplot2;grid;rmeta;stargazer	exp_3.RData;Experiment_2_Past_Elections.RData;README.txt;Experiment_4_Adjacencies.rdata;Experiment_3_Analysis.R;Experiment_4_Permutation_Matrix.rdata;Experiment_4_Exclusions.RData;Experiment_3_Past_Elections.RData;in_text_calculations.R;Experiment_2_RA_Function.R;Experiment_1_Analysis.R;Experiment_3_Results.RData;Experiment_2_Analysis.R;exp_1.RData;Experiment_2_Permutation_Matrix.rdata;Experiment_4_Data_with_Random_Assignment.RData;Experiment_1_Adjacencies.rdata;Experiment_1_RA_Function.R;Pooled_analysis.R;Experiment_4_Past_Elections.RData;Experiment_2_Results.RData;Experiment_3_Data_with_Random_Assignment.RData;exp_2.RData;Lawn_Signs_Source.R;Experiment_4_Analysis.R;Experiment_3_Adjacencies.rdata;exp_4.RData;meta_results.tex;Experiment_4_Results.RData;Experiment_3_RA_Function.R;Experiment_1_Permutation_Matrix.rdata;Experiment_1_Results.RData;Experiment_4_RA_Function.R	12433995
doi:10.7910/DVN/FS90RJ	1048	25	ordinal;Matrix;lme4;mediation;texreg;foreign;ggplot2;sandwich	ajpssupplemental.R;ajpsreplication.R;readme.txt;Codebook for Data Files.pdf	387961
doi:10.7910/DVN/MPQGZP	114	14	spdep;tmap;dplyr;rgdal;sp;estimatr;tidyr;rgeos;readr;grid;maptools;ri;ggmap	Kampala_villagesfff.sbn;ph2_report_response_window.csv;ph2_reports_coded.csv;SolidWaste_BJPS.html;ph1_reporters_baseline_responsiveness_assigned.csv;Kampala_villagesfff.prj;Kampala_villagesfff.shp.xml;Kampala_villagesfff.dbf;SolidWaste_BJPS.Rmd;ph2_responsiveness_contiguous.csv;ph2_endline_volunteer_outcome1.tab;ph2-setup.R;ph2_endline_attitudes_survey.csv;tab2-tab3-tab4.R;ph2_endline_volunteer_outcome2.csv;ph1ph2_reporters_list_assigned.csv;ReadMe.rtf;SolidWaste_ph1_spillover_direct.R;ph2_all_reports.csv;ph1_reports_by_reporter.csv;Kampala_villagesfff.shp;ph2_zone_sample.csv;ph1_zone_sample.csv;ph1_reporters_baseline.csv;Phase2_core_feed.R;Kampala_villagesfff.sbx;Kampala_villagesfff.shx;ph2_responsiveness_spillover_probability.csv;ph2_weekly_report_number_sent.csv;ph1_zone_sample_responsiveness_assigned.csv;ph2_reports_coded_with_number.tab;ph2_reporters_baseline.csv;ph2_lc1_announcement_survey.csv;multiplot.R	9286155
doi:10.7910/DVN/4MTMXW	476	7	Zelig;survival;foreign;lattice;MASS;stargazer;dummies	s2_postpred_pop.r;eha_data5.RData;s1_analysis.r;WB_imputations.RData;eha_data3.RData;gomezmera_crisislevel.csv;figure1.r;master.r;eha_data1.RData;eha_data4.RData;table1.r;s2_analysis.r;DPI2010.dta;eha_data2.RData;table2.r;master.RData;eha_data.RData;figure2.r	4783859
doi:10.7910/DVN/KZRWPM	0	0		Final.R;CountryProductExportMatrix2000.csv;WorldBank.csv;CountryProductExportMatrix1985.csv;CountryProductExportMatrix1990.csv;CountryProductExportMatrix2005.csv;Submit Anony.pdf;CountryProductExportMatrix1995.csv	1896
doi:10.7910/DVN/A3ROXD	168	2	coda	main.pdf;models.R;README.txt;FH-summary.R;data.RData;main.Rmd;FHCAR-summary.R;FH.R;FHCAR.R	321912
doi:10.7910/DVN/RZPNLY	46	4	lubridate;haven;tidyverse;tidytext	Icon;celebrity_charts.R;celebrity_analysis.log;celebrity_analysis.do;readme.txt;celebrity_perspectives_data.dta	16552338
doi:10.7910/DVN/RJWU7A	39	6	dplyr;psych;lavaan	Table6.R;Table1.R;Table3&Table7.R;data_china.RData;Table2.R;Table4.R;CHARLS_Wave2_Codebook.pdf;data_us.RData;22100-0001-Codebook.pdf;Table5&Table7.R	9265213
doi:10.7910/DVN/HT1WSA	407	9	scales;survival;lubridate;foreign;reshape2;ggplot2;Amelia;mgcv;polycor	FRB_H10.csv;CODEBOOK.tab;yuan.settlement.csv;merge.RData;mi_replication.R;fredgraph.csv;Rhistory;paper_replication.R;README.pdf;reserve_mi.RData;reserve_mi_cs.RData;qfii_data.csv	10032600
doi:10.7910/DVN/A47LUM	192	28	texreg;dplyr;countrycode;rstanarm;loo;tidyr;psych;RColorBrewer;dgo;MASS;devtools;rstan;arm;ggplot2	Support for democracy.csv;supdem.stan.mod3.stan;supdem.stan.mod6.val.stan;supdem.stan.mod5.stan;smooth_panels_external_validation.R;smooth_panels_fig2_plot.R;supdem.stan.mod2.stan;supdem.stan.mod1.val.stan;supdem.stan.mod3.val.stan;Support_DemStock_05_15.csv;supdem.stan.mod2.val.stan;supdem.stan.mod6.stan;supdem.stan.mod1.stan;smooth_panels_dgo_estimation.R;supdem.stan.mod4.stan;readme.txt;supdem.stan.mod4.val.stan;smooth_panels_stan_estimation.R;supdem.stan.mod5.val.stan	8608827
doi:10.7910/DVN/IYAX3D	13	4	lme4;gridExtra;haven;tidyverse	swiss-mps.dta;log_file_reseach&politics-save.txt;cantons-data.dta;syntax_reseach&politics.do;README.md;ch-cantons.qpj;ch-cantons.zip;power-analysis.R;syntax_reseach&politics.txt;ch-cantons.cpg	1202557
doi:10.7910/DVN/RRF7EU	1	2	readstata13;tidyverse	zoning_participation_main_analysis.do;reasons_codes.dta;all_comments_anon.dta;zoning_participation_graphs.R;town_40b_support_comments.dta;readme.txt;reasons_by_comment.dta;comments_merged_anon.dta	2817331
doi:10.7910/DVN/0PTKDP	212	2	geepack	JCS_circuit_medians.dta;figure_1_script.R;data_for_analysis_judge_level.csv;case_data_codebook.pdf;data_for_analysis_case_level.csv;data_for_analysis_case_level-1.dta;figure_2_script.R;partisan.composition.csv;sc_medians_jcs.dta;README.txt;figure_3a_script.R;data_for_analysis_judge_level-1.dta;figure_4b_script.R;figure_3b_script.R;bailey_data.csv;figure_4a_script.R;case_data_codebook.docx;kastellec_hierarchical_collegial_replication_script.R	7731215
doi:10.7910/DVN/GJTFKQ	80	16	vcd;car;vcdExtra;oglmx;foreign;lmtest;MASS;survey	rp_fig1-1.R;rp_fig2-1.R;rp_data.csv;rp_tabA1.R	68943
doi:10.7910/DVN/LJN4BO	20	6	mediation;cobalt;ggplot2;foreign;Matching;rgenoud	Hansen_Tyner_Codebook.docx;anes_timeseries_2016.dta;CCES_2016.dta;ReadMe.txt;Hansen_Tyner_R_Replication_Code.R;hansen_tyner_mturk.csv;Hansen_Tyner_Stata_Replication_Code.txt	592573668
doi:10.7910/DVN/EHGCOF	218	15	raster;gdata;maptools;rgdal;gplots;colorspace;epicalc;foreign;xtable;grid;Gmisc;Rmisc;RColorBrewer;MatchIt;nlme	EnosHershData.RData;README.txt;EnosHershReplication.r;USA_adm1.RData;USA_adm2.RData	25501994
doi:10.7910/DVN/CMCZBR	41	5	abind;xtable;mgcv;KernSmooth;stargazer	final_8_df.csv;final_6_df.csv;surnames2000.RData;fjcdata.txt;README.txt;final_11_df.csv;final_7_df.csv;final_5_df.csv;analysis.R;final_4_df.csv;chief_judge_party_by_circuit.csv;final_10_df.csv;final_9_df.csv	6362085
doi:10.7910/DVN/LFFJRV	0	0		topic_codes.csv;Scottish_Public_Policy_Consultations_1983_2006_Dataset_citizens_omitted.csv;RData_termAnalysis_All6;agenda_codes.dat;network_minc1_minw1_p3_tAll_g4.vertex_attr_respondent.csv;respondents_Degree_centrality_by_jaccard_term_5.png;g_resp_sub.ochils.graphml;network_minc1_minw1_p2_tAll_g4.net;network_minc1_minw1_p6_tAll_g4.net;README.txt;prop_central_respondent_network_jaccard_0.csv;respondents_BW_centrality_rank_by_jaccard_term_5.png;respsubgroup.csv;network_minc1_minw1_p5_tAll_g4.vertex_attr_consultation.csv;subtopic_codes.csv;respondent_network_properties_jaccard_0.csv;number_of_consultations_term_5.png;avg_bw_centrality_by_group_jaccard_0.csv;network_minc1_minw1_p1_tAll_g4.vertex_attr_consultation.csv;network_minc1_minw1_p2_tAll_g4.vertex_attr_consultation.csv;g_2mode_sub.ochils.graphml;network_minc1_minw1_p3_tAll_g4.net;network_minc1_minw1_p5_tAll_g4.vertex_attr_respondent.csv;network_minc1_minw1_p6_tAll_g4.vertex_attr_consultation.csv;g2_2mode_sub.ochils.igraph.png;g_resp_sub.ochils.igraph.png;network_minc1_minw1_p3_tAll_g4.vertex_attr_consultation.csv;respsubgroup.dat;g_2mode_sub.ochils.igraph.png;Scottish_Public_Policy_Consultations_Dataset_Codebook_1983_2006.doc;sub_ochils_term_5.csv;respgroup.dat;analysis_forRelease.R;network_minc1_minw1_p1_tAll_g4.vertex_attr_respondent.csv;networks_forRelease.pl;g2_subtopic_sub.ochils.igraph.png;respgroup.csv;sub_law_term_5.csv;network_minc1_minw1_p4_tAll_g4.vertex_attr_respondent.csv;subtopic_network_properties_jaccard_0.csv;network_minc1_minw1_p5_tAll_g4.net;network_minc1_minw1_p6_tAll_g4.vertex_attr_respondent.csv;network_minc1_minw1_p2_tAll_g4.vertex_attr_respondent.csv;network_minc1_minw1_p4_tAll_g4.vertex_attr_consultation.csv;EI_subtopic_network_by_topic_jaccard_0.csv;relative_centrality_jaccard_0.png;g2_subtopic_sub.ochils.graphml;respondent_hash_minc1.dat.gz;EI_respondent_network_by_group_type_jaccard_0.csv;top10_central_groups_jaccard_0.csv;network_minc1_minw1_p1_tAll_g4.net;network_minc1_minw1_p4_tAll_g4.net;g2_2mode_sub.ochils.graphml	12426
doi:10.7910/DVN/567RS6	67	2	coin;foreign	Figure4_and_fn9.do;readme.txt;Figure123.R;RD_IP.dta	7257042
doi:10.7910/DVN/88MXJS	248	39	sandwich;mlmRev;lme4;randomizr;zoo;reshape2;readstata13;lmtest;MASS;ggplot2;nloptr;mfx;Formula;RColorBrewer;foreign;stringr;arm;stargazer;betareg	DATA_PSRM-OA-2017-0118.RData;MAIN_PSRM-OA-2017-0118_SCRIPT.R;MAIN_PSRM-OA-2017-0118_LOG.txt;APPENDIX_PSRM-OA-2017-0118_LOG.txt;APPENDIX_PSRM-OA-2017-0118_SCRIPT.R	235707
doi:10.7910/DVN/WX6ZPC	9	2	stringr;ggplot2	Read Me.pdf;hou93kh.dta;fsrollout.dta;Table 2 Replication.do;HOU91kh.dta;Figure Replication Code.R;PresidentialReplication.dta;hou88kh.dta;1970pop.dta;Main Replication Code.do	8988188
doi:10.7910/DVN/EEUTHP	48	9	ordinal;Zelig;texreg;foreign;reshape2;coefplot;MASS;ggplot2	shar_regcont3.csv;sharia.R;List of variables.pdf	288046
doi:10.7910/DVN/JMAQLD	0	0		all_bilateral_investment_timeseries.csv;all_BITs_1_23_2017_unique.csv;experiment2_qualtrics.pdf;README_ch4.txt;ch1_replication.R;ch3_replication.R;ch4_replication.R;finalized_timeseries_dataset_nomissing.csv;icsid_2010-2016_arbitrators.csv;experiment2_public.csv;qog_std_ts_jan17.csv;ch2_replication.R;mne_counts_timeseries.csv;unctad_cases_08242017_edited.csv;unctad_cases_matched_provisions.csv;experiment1_public.csv;unctad_fdi_gdp_instock.csv;experiment1_qualtrics.pdf;wb_gdp_pcap.csv;unctad_fdi_gdp.csv;V-Dem-CY-Core-v8.csv	5010
doi:10.7910/DVN/WBI9RT	219	13	xtable;foreign;vcd;R2jags	model-ManteqaHarm.R;endorseResultsNoCovariates.RData;endorseSetup.RData;endorseResultsCovariates.individual.fit.2.RData;ModelVillageDistrictProvinceCovariates.R;model-ProTaliban.R;endorseResultsCovariatesProTal.individual.fit.2.RData;endorseSetupProTaliban.RData;endorseResultsCovariatesProTal.individual.fit.1.RData;endorseResultsCovariates.area.fit.1.RData;endorseResultsCovariates.individual.fit.1.RData;endorseResultsCovariates.individual.fit.3.RData;model-FamilyHarm.R;replication.R;data (1).RData;model-NoCovariates.R;endorseResultsCovariates.area.fit.2.RData;endorseResultsCovariates.area.fit.3.RData;endorseResultsCovariatesProTal.individual.fit.3.RData	712954922
doi:10.7910/DVN/CORRXG	2423	23	dplyr;ggplot2;stringdist;fuzzyjoin;Zelig;gtools;lmtest;nloptr;ordinal;FactoMineR;plyr;grid;wCorr;optimx;ZeligChoice;basicspace;texreg;foreign;magrittr;mvtnorm;games;RecordLinkage;rockchalk	WILAY-Final Code-1.R;CCES16_HKR_OUTPUT_Feb2017.sav;LifetimeMeansSenate_byCong.dta;stateabvs.csv;LifetimeMeansHouse_byCong.dta;CCES14_Common_Content_Validated.dta;congressbios.dta;CCES16_Common_OUTPUT_Feb2017.sav;CCES14_NYU_OUTPUT_Feb2015.sav	953684633
doi:10.7910/DVN/OUFGTX	11	3	recoder;stargazer;foreign	KevinsSorokaCJPS.replication.R;KevinsSorokaCES.merged.RData	418039
doi:10.7910/DVN/AUX9W1	248	17	sandwich;dplyr;car;survival;foreign;splitstackshape;readstata13;AER;MASS;ggplot2;margins;stargazer	occupationalUnempForBHPS_codebook.pdf;Measuring_skill-specificity_codebook.pdf;ReadMe.rtf;rsr_bhps_3appendixAnalysis.R;uk_occ_gen_unemployment_codebook.pdf;skspForBHPS.csv;rsr_bhps_1loadprocess.R;rsr_ehsi_3appendixAnalysis.R;rsr_ehsi_stataprep.do;skspForBHPS_codebook.pdf;rsr_ehsi_2mainPaperAnalysis.R;Measuring_skill-specificity.csv;occupationalUnempRiskForBHPS.csv;uk_occ_gen_unemployment.csv;rsr_ehsi_1loadprocess.R	182301
doi:10.7910/DVN/DRVBZY	131	20	dplyr;rgdal;scales;sensemakr;rstanarm;haven;reshape2;maps;plyr;ggplot2;rgeos;gpclib;shinystan;RColorBrewer;maptools;bayesplot;cleangeo;mapdata	Rosenberg_et_al_dataprocessing_code.do;ReadMe.txt;Rosenberg_et_al_analysis_code.do;Rosenberg_et_al_analysis_code.R	33666
doi:10.7910/DVN/CZYUJH	269	79	ivpack;AER;dplyr;sphet;countrycode;tidyverse;cshapes;haven;plyr;MASS;foreach;doMPI;ggplot2;devtools;spdep	log_replication_Wcreation.txt;Readme_Replication_BetzCookHollenbach.rtf;Simulations_revised4.R;Figures_2and3.R;simulation_revised1.txt;Ramsay_W.R;simulation_RR4.rda;simulation_revised3.txt;replicationOIL.dta;Figure1.R;Ashraf_Galor_W.R;simulation_RR2.rda;Data_Figure1.csv;simulation_RR3.rda;simulation_revised2b.txt;Figures_Appendix.R;Applications_Replication.do;simulation_RR1.rda;simulation_revised2.txt;CombiningSimulationOutput.R;Simulations_revised1.R;20081371_Dataset.dta;log_file_Applications.log;Simulations_revised2.R;countrycode_0.19.tar.gz;simulation_revised4.txt;simulation_RR2b.rda;Simulations_revised2b.R;Replication_Simulation.R;Simulations_revised3.R;Replication_Application.R	22444807
doi:10.7910/DVN/OYORNJ	1	1	ggplot2	number rebel groups analysis - final v2.do;conflictiddatasetV4.dta;basic data set s12.dta;R code for Figure 2.R	12338667
doi:10.7910/DVN/T0W5IM	33	5	scales;RColorBrewer;lubridate;tidyverse;ggrepel	cpi_score_2005-2015.tab;t_e_cases.csv;title_10_funds.csv;fixing_a_hole.R;us_military_aid.tab	1318029
doi:10.7910/DVN/URHMUA	26	3	MCMCpack;calibrate;foreign	Final code 12 Oct 2011.R;readme.rtf;rta_meanXsal.dta;surveydata_nobias_11oct11.csv;Final RTA collapse 12 oct 2011.do;rta_data_full.dta;comparisons.dta	392310
doi:10.7910/DVN/WAQNXD	296	13	sandwich;dplyr;car;broom;ExtremeBounds;lme4;xtable;lmtest;ggplot2;MASS;stringr;multiwayvcov;stargazer	marg2.txt;Kroeger_BJPolS_Appendix.pdf;Kroeger_BJPols_Rep_Code.R;bjpols_R2.csv;Kroeger_BJPols_Stata_Rep_Code.do;marg4.txt	526597
doi:10.7910/DVN/CEVZPL	189	0		FX_multlevel_model_wrapper_for_helper_functions.R;FX_run_multi_level_model.R;Latta_et_al_point_counts_long.csv;Latta_et_al_species_codes_for_spp_with_sig_trends.csv;Latta_et_al_mistnet_wide.csv;Latta_et_al_2017_PeerJ_rarefaction.Rmd;FX_multlevel_model_helper_functions.R;Bolker_easyPredCI_12222016.R;Latta_et_al_mistnet_wide_README.tab;Latta_et_al_2017_PeerJ_compile_ANOVA_tables_etc.Rmd;Latta_et_al_2017_PeerJ_README.Rmd;Latta_et_al_2017_PeerJ_multilevel_model_with_predictors.Rmd;Latta_et_al_mistnet_wide_README.csv;Latta_et_al_2017_PeerJ_multilevel_model_for_BLUPs.Rmd;FX_run_multi_level_model_NO_MONTH_EFFECT.R;FX_round_df_columns.R;FX_anova_extract.R;Latta_et_al_mistnet_long.csv;Latta_et_al_2017_PeerJ_species_richness_regression_modeling.Rmd;Latta_et_al_2017_PeerJ_AIC_values_for_appendix.Rmd	559010
doi:10.7910/DVN/XY2TUK	47	7	sandwich;lmtest;Matrix;foreign	BasSchub_PowerShocks_ISQ_SupplementaryFiles_CA.pdf;BasSchub_Shocks_ISQ_Main.do;BasSchub_ISQ_Shocks.dta;BasSchub_ISQ_Shocks_ReadMe.rtf;BasSchub_ISQ_Shocks_randbenchmarking.dta;BasSchub_ISQ_Shocks_Figures.R;BasSchub_ISQ_Shocks_ClusterRobust.R	47660419
doi:10.7910/DVN/3E7RG4	36	2	Hmisc;foreign	JPSE Analysis Code.R;spring_2017_data.csv;POLS_2217_Syllabus_Spring_2017.pdf;Pre- and Post-Assessment Survey.docx	166922
doi:10.7910/DVN/SUPM3R	45	4	dplyr;fitdistrplus;foreign	SND kodbok_VU2006-2010 panel.pdf;fred_pce_deflator.csv;bea_table21.csv;besxs.doc;0007eq.pdf;se_prepare1998.do;cansim Table 202-0601_20150803b.csv;se_prepare1979.do;Bilagor_ VU2010.pdf;0812us.dta;se_prepare1988.do;ca_gen_quintiles_from_distributions.r;CES72s_F1.dta;a359uab.pdf;07250-0001-Data.por;07250-related_literature.txt;0750us.dta;f02AR.xls;in3887.pdf;69_70_74-1.dta;mpd_2013-01.xlsx;oct74.dta;se_prepare1968.do;0812eqAB.pdf;cansim-2020601_20150803.csv;arfvc.doc;in2568.pdf;se_prepare1964.do;canadaincomes_pretax_19651975_quintiles.csv;2981_file_information.rtf;scales-e.doc;0217us.dta;besxs2a.doc;read3887.txt;5494_file_information.rtf;a4619uab.pdf;a3887cab.pdf;Disposable income by deciles 1975-2011.xlsx;feb74.dta;0812eqAm.pdf;a3887qab.pdf;canada_posttax_distribution_19631975.csv;cansim Table 202-0604 posttax quintiles long.csv;beagdpdeflator.csv;incomesh.doc;0217eq.pdf;se_prepare1994.do;0039eq.pdf;2005_file_information.rtf;nc060725-1.sav;run_all_setup.r;0089eq.pdf;content.doc;f01AR.xls;se_electionstudies.do;1533_SPSS_to_STATA_conversion.rtf;canadainflation.csv;CES Cumulative Data File Codebook.pdf;bgessc1.doc;f03AR_cleaned.csv;0040orig_ink.dta;a666uab.pdf;ELECTION STUDY 2010 codebook - Google translated to English.pdf;ca_preparecdf.do;se_prepare2010.do;nc060725_UKDA_Data_Dictionary.rtf;0001eq.pdf;IFS income data bn19figs.xls;69_70_74_UKDA_Data_Dictionary.rtf;0750eqAB.pdf;0001enginf.pdf;0570us.dta;se_prepare1985.do;nc060725.dta;4619_file_information.rtf;IFS income data bn19figs.csv;scb_extra_data_20150803.csv;se_preparecdf.do;arfvd.doc;incomedistribution.r;ca_prepareincome_t5m.do;0861eqA.pdf;besxnote.doc;ethnnote.doc;canada_posttax_distribution_19631975x.csv;anes_timeseries_cdf_stata12.dta;instruc.doc;besx97e.dta;read5494.htm;0391eq.pdf;a2568cab.pdf;cansim Table 204-0001 market_top_incomes long.csv;0040eq.pdf;07250-0001-Codebook-volume1.pdf;0007enginf.pdf;1533userguide.pdf;0227us.dta;overview.doc;a2005uab.pdf;Svensk valundersiÌ‚kning 2006-2010 panel.dta;a2568qab.pdf;cansim Table 202-0202_20150803.csv;CPDSI1960-2011stata12_ger.dta;422_SPSS_to_STATA_conversion.rtf;scales-s.doc;nc060821_UKDA_Data_Dictionary.rtf;election_study_predicted_differences.do;f02AR_cleaned.csv;a2981uab.pdf;nc060821.sav;0570eq.pdf;0089us.dta;se_prepare1970.do;besxsa.doc;69_70_74.tab;non-resp.doc;07250_0001_data.dta;359_SPSS_to_STATA_conversion.rtf;arfva.doc;CPDSICodebook1960-2011UPDATE_ger.pdf;snes1994.dta;bes87e.dta;bes83.dta;besxs2.doc;0008us.dta;arfvb.doc;07250-0001-Codebook-volume3.pdf;666_file_information.rtf;se_prepare2006.do;f03AR.xls;se_prepare1982.do;0157eq.pdf;short.doc;feb74_UKDA_Data_Dictionary.rtf;a422uab.pdf;CES65-11_narrow.dta;classif2.doc;may79_UKDA_Data_Dictionary.rtf;0008eq.pdf;se_prepare2002.do;666_SPSS_to_STATA_conversion.rtf;359_file_information.rtf;showcard.doc;besdoc2.doc;a666ubb.pdf;besx97e_UKDA_Data_Dictionary.rtf;classif.doc;bes92e.dta;cansim Table 202-0601 posttax distribution.csv;frontpge.doc;ca_electionstudies.do;besxs3.doc;cansim Table 202-0601 posttax distribution long.csv;se.gu.snd.ddi.0925-001.xml;0047eq.pdf;oct74_UKDA_Data_Dictionary.rtf;3887_SPSS_to_STATA_conversion.rtf;cansim Table 202-0604 posttax quintiles.csv;0007us.dta;may79.dta;0391us.dta;0750US.sav;cansim Table 202-0202 pretax average long.csv;Codebook 2002 - English.pdf;read2568.txt;cansim Table 204-0001_20150803.csv;snes1991.dta;0227eq.pdf;prepostmailoct2411.dta;07250-manifest.txt;5494userguide1.pdf;scalethn.doc;422_file_information.rtf;se_prepare1960.do;07250-descriptioncitation.pdf;0861eqB.pdf;mpd_2013-01.csv;07250-0001-Codebook-volume2.pdf;Kodbok VU2010.pdf;read2981.txt;run_all_analysis.do;se_prepare1991.do;1533_file_information.rtf;cansim Table 326-0021.csv;bgessc2.doc;0750eqAm.pdf;se_prepare1973.do;in5494.pdf;se_prepareincome.do;scb_extra_data_20150803.xls;se_gen_quintiles_from_distributions.r;oecd_uer.csv;bea Table 1.1.9 implicit price deflator.csv;read4619.txt;0047us.dta;Disposable income by deciles 1975-2011_wide.csv;5494userguide3.pdf;cansim Table 202-0701_20150803.csv;cansim Table 202-0701 incomes long.csv;se_prepare1976.do;cdn incumbents.csv;3887_file_information.rtf;2568_file_information.rtf;BILAGOR_VU2006.pdf;0157us.dta;besxs1a.doc;besxs1.doc;0040us.dta;5494userguide2.pdf;0001en.dta;0039us.dta;f01AR_cleaned.csv;canadaincomes_pretax_distribution_1963.csv;0861us.dta	474208123
doi:10.7910/DVN/EAXEET	57	9	topicmodels;splitstackshape;wordcloud;tm;ggplot2;ineq;stringr	Corpus_ngram3_cleaned.csv;Table1_TopCitedWorks.csv;Table3_TopCitedPeriods.csv;Topics_WordLists.csv;Poetry_ngram3.csv;TopCitedWorks.csv;GoethePoetryFilenames.csv;Fig1_Quotations.pdf;Corpus_ngram3.csv;Fig2_TopicWords.pdf;GoetheCorpusFilenames.csv;goetheUnread.R;GoetheWerkeCompletePeriod.zip;TopWords.csv;GoethePoetryReducedMinusLarge.zip;TopCitedWorksPoetry.csv;Table2_TopCitedGenres.csv;Topics.csv;TopCitedWorksPoetry_Genre.csv;goetheUnread_ReadMe.txt	13454463
doi:10.7910/DVN/KHBJVZ	224	33	gridExtra;dplyr;tidyverse;countrycode;lubridate;foreign;ggpubr;xtable;readr;extrafont;ggplot2;fontcm;dotwhisker;tidyr;stringr;haven;readxl	partylist.tab;models_paper_january2020_year.do;merge.R;populistparties.R;t_countries_election_years.R;master.csv;t_pp_pr_lr.R;master_elec-1.dta;t_leaveoneout.R;README.txt;models_paper_january2020.do;models_appendix.do;t_pp_pr_lr_1990.R;coefplots.R;master_elec.csv;visualizations.R	5677104
doi:10.7910/DVN/4NUU2J	193	3	dplyr;scales;magrittr;xtable;readr;ggplot2;data.table;grid;stringr	4_figures.R;2_descriptive.do;CO2_Cost.csv;investment.csv;eua_prices.txt;read_me.pdf;3_results.do;0_master.do;1_data_preparation.do	240127
doi:10.7910/DVN/AOY452	56	4	cluster;cem;MatchIt;xtable	ReadMe.txt;fig1-col.pdf;psm.RData;cem.RData;fig1-bw.pdf;fig2-bw.pdf;mdm.RData;fig2-col.pdf;all.rda;replication.R;table1.tex	3309250
doi:10.7910/DVN/SOT2WM	203	3	doParallel;readstata13;foreach	CR_Figure1.R;CR_jpp_replication_main_text.do;CRdata_jpp_final.dta;CR_Figure2.R;RegsMonteCarloStudy_jpp.R;MCRegsData.RData	257027
doi:10.7910/DVN/JSR0OE	13	0		ReportingLengthSentiment.dta;BaiduIndex.dta;Kim_MediaBias.do;Kim_MediaBias_STM.R;RecallReporting.dta;Sales.dta	13226290
doi:10.7910/DVN/LADWHL	24	12	lme4;MuMIn;multcomp	Validation 2 Data.sav;SM9 Script.R;Validation 2 Data-1.csv;S1 Data.txt;V1 Output - Rating Comparisons.spv;SM9b Data.txt;SM9 Data.txt;Validation 1 Data-1.csv;Sensitivity Tests S1 S2 SM9 Script.R;S1 Script.R;V2 Output - Rating Comparisons.spv;S2 Script.R;S2 Data.txt;Validation 1 Data.sav;V1 Output - Emotion selection.spv;V2 Output - Emotion selection.spv	2309953
doi:10.7910/DVN/K2QBK6	177	9	lattice;car;doMC;latticeExtra;foreign;plyr;MASS;ltm;stargazer	ZipcodeTemps81-10.csv;ExplanatoryMemo.txt;Online Appendix.docx;DataAnalysis.R;CCES12_MIA_OUTPUT_20130621.sav	22396417
doi:10.7910/DVN/MHN3NY	340	14	ncdf4;raster;rworldmap;maps;fields;abind;lmodel2	Figure_4.R;Figure_5.R;get_geo.R;Figure_8.R;Satellite_CF-T_slope.Rdata;filled.contour3.R;Figure_6.R;functions.R;get_met.R;Figure_3.R;Data.zip.acp;README.txt;Monthly_CV.R;Figure_1+2.R;monthly_CV.Rdata;FIgure_7.R	187617134
doi:10.7910/DVN/Q0XAPV	25	0		FIT_recoded.dta;FIT_data.dta;world.dbf;FIT_design.dta;map.do;prep.do;world.shp;appendix.do;OECDlevels.do;design.do;rps.do;FIT_map.dta;mosaic.R;recoded.do;analysis.do;energycontracts.do;crosssection.do;OECD_FITlevels.dta;lineplot.R;README_FIT.txt	10286363
doi:10.7910/DVN/QJSRZF	354	10	RI2by2;xtable;coda	survey-data-treat-reject.csv;survey-data-treat-applied.csv;survey-data-treat-accept.csv;Table7.R;survey-data-control-reject.csv;university.list.csv;ExperimentalApplicantsMergedPolmeth.csv;gradcontacts_treatedcontrol_import.csv;survey-data-reject.csv;survey-data-control-applied.csv;survey-data.csv;Table3.R;survey-data-control-accept.csv;Table4.R;Tables8and9.R;Tables5and6.R;survey-data-accept.csv;Table2.R	358407
doi:10.7910/DVN/OXIIDD	10	0		JLC_Replication.dta;Spatial_JLC_Replication_Final.do;Validity_JLC.R	332500
doi:10.7910/DVN/Q92PMT	34	7	topicmodels;stringr;foreign;wordcloud;tm;slam;betareg	speConcs-100topics.RData;regConcs-100topics.RData;regConcs-25topics.RData;majority-25topics.RData;dissents-100topics.RData;dissents-25topics.RData;replicationCode.r;majority-100topics.RData;speConcs-25topics.RData	418209
doi:10.7910/DVN/ABT3OE	0	0		Centroids_proc.do;annual_atus_sunset.do;atus_proc.do;ATUS_models_season.do;ATUS_activity_file_process.do;CPS_proc.do;atus_create_stata_files.do;atus_program_flow.do;county-tz.tar.gz;atus_weather_clean.do;atus_combine.do;ATUS_models_xsec.do;census.tar.gz;BEA_proc.do;bea-reis.tar.gz;CPS_merge.do;counties-db.tar.gz;CountiesDB_proc.do;CPS.tar.gz;Coastal_proc.do;atus_maps.do	2085244117
doi:10.7910/DVN/HRLHA4	908	22	gridExtra;prettyR;GWmodel;scales;car;latticeExtra;texreg;plyr;weights;gpclib;ggplot2;RColorBrewer;maptools;gpclib	NAT.DBF;nat_south2.dbf;NAT.SHP;nat_nonsouth2.shp;ncovr-html.pdf;a_README.pdf;nat_south2.shp;tl_2014_us_state_contig_south.zip;nat_nonsouth2.dbf;NAT.SHX;tl_2014_us_state_contig_nonsouth.zip;nat_nonsouth2.shx;ncovr-codebook.pdf;tl_2014_us_state_contig.zip;harbersingram20161228_basic.R;nat_south2.shx	25131485
doi:10.7910/DVN/SR0NMB	303	28	stats;car;maxLik;RcppArmadillo;KernSmooth;statmod;inline;numDeriv;Rcpp;eliot;rjags;tweedie	eliot-package.Rd;SCDB_2012_01_justiceCentered_Citation.Rdata;rcpp_hello_world.Rd;JusticeDouglasByIssueArea.pdf;summary.CARIRT.R;CasePlotKatz.pdf;JusticeHarlanByIssueArea.pdf;JusticeWhiteByIssueArea.pdf;CPGregression.R;Script 2 - Estimate Models for Authorship and Joins.R;OpinionJoinMeasurementError3.jags;summary.LDAIRT.R;CasePlotCasey.pdf;round1.Rd;JusticeWarrenByIssueArea.pdf;round2.Rd;alib.cpp;CasePlotMiranda.pdf;SCDB_2013_01_caseCentered_Citation.Rdata;Makevars.win;AuthorshipCoefficientPlotUnivariate.pdf;JoinCoefficientPlotUnivariate.pdf;LIRT.cpp;USStateAdjacencyMatrix.RData;JusticeRehnquistByIssueArea.pdf;JusticeGinsburgByIssueArea.pdf;ConvergenceChecks.pdf;JusticeSouterByIssueArea.pdf;CasePlotRoe.pdf;JusticeReedByIssueArea.pdf;CasePlotKyllo.pdf;README.txt;CasePlotMiller.pdf;AuthorshipMeasurementError3.jags;CleanedCitationData.dta;TimeTrendPlotMQ.pdf;round3.Rd;NAMESPACE;CARIRT.Rd;PivotalProbPlot1.pdf;OpinionJoinMeasurementErrorMain.jags;summary.LDAIRT.Rd;LauderdaleClarkAPSR2012Data.Rdata;NEWS;JusticeClarkByIssueArea.pdf;JusticeStewartByIssueArea.pdf;IssueMedianTrendPlot.pdf;shadeBands.Rd;eliot.Rproj;LIRT.R;JusticeMarshallByIssueArea.pdf;fadecol.Rd;summary.DLIRT.R;JusticeWhittakerByIssueArea.pdf;invprobit.Rd;JusticeBlackmunByIssueArea.pdf;AuthorshipMeasurementError2.jags;TimeTrendPlot.pdf;eliot.h;LDAIRT.cpp;logistic.Rd;JusticeVinsonByIssueArea.pdf;CasePlots.pdf;OpinionJoinMeasurementError5.jags;JusticeFrankfurterByIssueArea.pdf;PivotalProbPlot3.pdf;JusticeRutledgeByIssueArea.pdf;JusticeO'ConnorByIssueArea.pdf;DESCRIPTION;eliot_RcppExports.h;logit.Rd;README.Rmd;JusticeFortasByIssueArea.pdf;AuthorshipMeasurementError1.jags;AuthorshipCoefficientPlotMultivariate.pdf;wordminnow.Rd;Script 1 - Estimate Case Specific Preferences.R;JusticeThomasByIssueArea.pdf;CARIRT.cpp;emptyplot.Rd;CARIRT.R;HighSpeedRail.RData;JusticeKennedyByIssueArea.pdf;summary.LIRT.R;JusticeGoldbergByIssueArea.pdf;justices.csv;probit.Rd;CitationAndVoteData.RData;PivotalProbPlot4.pdf;JusticeScaliaByIssueArea.pdf;JusticeMurphyByIssueArea.pdf;JusticeBurtonByIssueArea.pdf;OpinionJoinMeasurementError1.jags;justiceCasePreferencesWithCovariates.RData;OpinionJoinMeasurementError2.jags;JusticeJacksonByIssueArea.pdf;JusticeBurgerByIssueArea.pdf;AuthorshipMeasurementErrorMain.jags;JusticeBreyerByIssueArea.pdf;wordfish.cpp;Makevars;standardize.Rd;wordminnow.R;JusticeMintonByIssueArea.pdf;JoinCoefficientPlotMultivariate.pdf;RcppExports.R;JusticeStevensByIssueArea.pdf;JusticeBlackByIssueArea.pdf;OpinionJoinMeasurementError4.jags;HighSpeedRail.Rd;AuthorshipMeasurementError4.jags;JusticePowellByIssueArea.pdf;PivotalProbPlot2.pdf;RcppExports.cpp;LDAIRT.R;utilityfunctions.R;JusticeBrennanByIssueArea.pdf;LDAIRT.Rd	56900012
